258	1	1933
258	2	1936
258	3	1939
239	4	1941
258	5	1942
258	6	1945
281	7	1948
258	8	1948
281	9	1949
258	10	1949
1	11	1949
78333	239	1930
5856	246	1948
286	295	1930
286	296	1930
286	297	1932
286	298	1932
286	299	1933
286	300	1935
286	301	1941
286	302	1941
286	303	1941
286	304	1942
286	305	1945
286	306	1947
286	307	1948
286	308	1949
287	357	1932
287	358	1934
287	359	1933
287	360	1937
360	361	1949
287	363	1946
293	416	1932
293	417	1933
293	418	1933
293	419	1934
293	420	1935
293	421	1938
293	427	1939
427	428	1948
24546	489	1938
13347	489	1938
293	493	1940
293	501	1942
293	502	1944
293	504	1948
293	505	1948
294	538	1940
294	542	1940
294	543	1942
294	564	1948
294	565	1949
294	566	1949
305	641	1949
834	833	1941
7373	834	1934
7863	834	1934
4929	868	1940
881	882	1947
881	883	1949
5655	946	1949
805	1271	1934
25222	1279	1935
1430	1295	1948
7690	1320	1934
805	1377	1936
30509	1401	1941
7461	1406	1937
805	1423	1930
782	1430	1932
18689	1430	1932
7690	2128	1941
4904	2305	1939
16276	2355	1940
22620	2598	1949
7461	2834	1938
4904	2839	1941
8150	3316	1934
1489	3317	1935
1489	3318	1937
1489	3319	1941
1489	3320	1947
5881	3511	1931
5881	3513	1932
9743	3514	1934
7362	3515	1935
9743	3516	1935
9743	3517	1935
9743	3518	1935
8199	3519	1939
8199	3520	1940
8199	3521	1940
8199	3522	1948
8199	3523	1948
5648	3932	1940
5648	3933	1940
5648	3934	1941
5648	3935	1942
5648	3936	1943
5648	3937	1946
5648	3938	1948
5648	3939	1949
5655	4031	1947
5655	4032	1947
5656	4046	1934
5656	4047	1937
5656	4048	1939
5656	4049	1940
5656	4050	1941
5656	4051	1946
5656	4052	1946
5656	4053	1947
4918	4114	1930
4918	4115	1930
4918	4116	1930
4918	4117	1931
4918	4118	1932
4918	4119	1933
4918	4120	1934
4918	4121	1934
4918	4122	1934
4918	4123	1936
4918	4124	1936
4918	4125	1938
4918	4126	1938
4918	4127	1947
5647	4144	1930
5647	4145	1930
5647	4146	1931
5647	4147	1931
5647	4148	1931
5647	4149	1933
5647	4150	1933
5647	4151	1933
5647	4152	1934
5647	4153	1935
5647	4154	1937
5647	4155	1938
5647	4156	1938
5647	4157	1940
5647	4158	1941
5647	4159	1943
5647	4160	1943
5647	4161	1943
7367	4169	1931
7367	4170	1938
7367	4171	1940
7367	4172	1941
7367	4173	1941
4313	4180	1949
4598	4207	1938
4598	4208	1939
4598	4209	1941
5655	4210	1941
4598	4211	1942
5657	4235	1931
5657	4236	1933
5657	4237	1933
5657	4238	1935
5657	4239	1935
5657	4240	1937
5657	4241	1938
4740	4282	1930
4740	4283	1930
4344	4284	1931
4740	4285	1932
4931	4286	1932
4740	4287	1932
4740	4288	1932
4740	4289	1932
4931	4290	1934
282	4291	1934
4740	4292	1934
4740	4293	1934
4740	4295	1934
4740	4296	1934
4740	4297	1935
4740	4298	1936
4740	4299	1936
4291	4300	1945
4931	4302	1936
4931	4304	1936
4740	4304	1936
4740	4307	1936
4740	4308	1936
4931	4312	1937
4931	4313	1939
4740	4315	1939
4740	4316	1939
4740	4317	1939
4740	4318	1940
4740	4319	1941
33019	4319	1941
4740	4321	1941
4740	4322	1942
4312	4325	1943
4740	4326	1943
13669	4327	1943
8010	4328	1945
4931	4329	1945
4332	4330	1946
4332	4331	1946
4335	4333	1946
33019	4333	1946
8010	4336	1946
4740	4337	1946
8371	4338	1946
4740	4338	1946
868	4339	1947
11755	4340	1947
4931	4341	1947
10278	4342	1949
4344	4343	1949
4544	4545	1936
4544	4546	1937
4544	4547	1938
4544	4548	1938
4544	4549	1939
4544	4550	1939
4544	4551	1939
4544	4552	1940
4544	4553	1940
4544	4554	1940
4544	4555	1940
4544	4556	1942
4544	4557	1945
4544	4558	1946
4544	4559	1946
4544	4560	1947
4929	4598	1932
4704	4705	1932
4704	4706	1937
4704	4707	1938
4704	4708	1942
4704	4709	1946
4704	4710	1947
31348	4769	1941
18926	4832	1940
99740	4838	1942
83975	4838	1942
342	4843	1942
4170	4847	1947
13135	4933	1931
5879	4950	1930
5879	4951	1931
5879	4952	1931
5879	4953	1932
5879	4954	1932
5879	4955	1932
5879	4956	1932
5879	4957	1934
5879	4958	1937
5879	4959	1937
5879	4960	1938
5879	4961	1940
5879	4962	1940
5879	4964	1941
5879	4965	1941
5879	4966	1941
7702	5158	1949
37342	5159	1939
5292	5160	1949
5292	5161	1948
7749	5162	1948
5288	5163	1948
7703	5164	1948
4047	5165	1948
7614	5166	1948
291	5167	1947
291	5168	1947
7770	5169	1947
7811	5170	1947
5208	5171	1946
5217	5172	1946
7770	5173	1946
5288	5174	1945
5217	5175	1945
7770	5176	1945
5288	5177	1945
5217	5178	1945
4047	5179	1944
7770	5180	1944
7750	5181	1944
7703	5182	1944
5241	5183	1943
5254	5183	1943
5288	5184	1942
291	5185	1942
7749	5186	1942
7600	5187	1941
5292	5188	1941
343	5189	1941
343	5190	1941
5891	5191	1941
7746	5192	1941
7644	5193	1941
7749	5194	1941
5292	5195	1941
5217	5196	1941
5292	5197	1940
5891	5198	1940
5288	5199	1940
5891	5200	1940
343	5201	1940
5217	5202	1939
7614	5203	1939
7770	5204	1939
291	5205	1939
343	5206	1939
5891	5207	1939
5288	5208	1939
5292	5209	1939
343	5210	1939
7600	5211	1938
343	5212	1938
7659	5213	1938
5891	5214	1938
7770	5215	1937
5891	5216	1937
7600	5217	1936
7703	5218	1936
7659	5219	1936
5292	5220	1936
7770	5221	1936
291	5222	1935
7703	5223	1935
7600	5224	1935
291	5225	1935
5292	5226	1934
5891	5227	1934
5891	5228	1934
7659	5229	1934
7659	5230	1934
7770	5231	1933
7614	5232	1933
7785	5233	1932
7770	5234	1932
7600	5235	1932
7770	5236	1932
7614	5237	1932
7694	5238	1932
7750	5239	1932
7750	5240	1931
5891	5241	1931
7770	5242	1931
7770	5243	1931
7659	5244	1931
7600	5245	1931
7750	5246	1931
7666	5247	1931
7801	5248	1930
7750	5249	1930
7656	5250	1930
7750	5251	1930
7659	5252	1930
7694	5253	1930
291	5254	1930
7750	5255	1930
7600	5286	1930
7490	5545	1934
7518	5649	1946
4926	5658	1931
37354	5660	1947
22456	5673	1945
46034	5688	1945
7784	5743	1949
33019	5770	1949
5699	6148	1930
5699	6149	1930
5699	6150	1930
5699	6151	1930
6096	6151	1930
6061	6152	1930
5695	6153	1930
5699	6154	1930
5695	6155	1930
6061	6156	1930
6061	6158	1930
6061	6160	1930
5695	6161	1931
5699	6162	1931
5695	6164	1931
5699	6165	1931
6096	6166	1931
6096	6167	1931
6096	6168	1931
5695	6169	1931
5695	6170	1931
806	6171	1931
6116	6171	1931
5695	6172	1932
6061	6173	1932
5699	6174	1932
5699	6295	1932
6096	6295	1932
5695	6296	1932
6061	6297	1932
5695	6298	1932
5695	6299	1932
6061	6300	1932
5699	6301	1932
6096	6301	1932
6116	6303	1933
5699	6304	1933
6061	6305	1933
6061	6306	1933
6061	6307	1933
6069	6308	1933
6061	6309	1933
5695	6310	1934
5699	6311	1934
6116	6312	1934
6130	6313	1934
6130	6314	1934
5695	6315	1934
5695	6316	1934
6061	6317	1934
6302	6318	1934
5695	6319	1934
6096	6320	1934
6302	6321	1935
6061	6322	1935
5695	6323	1935
5695	6324	1935
5699	6325	1935
6096	6325	1935
6069	6327	1936
6130	6328	1936
5695	6329	1936
5699	6330	1936
18075	6330	1936
5695	6331	1936
5699	6332	1936
6096	6333	1936
18075	6333	1936
5695	6334	1936
5695	6335	1936
6302	6336	1936
6061	6337	1936
5699	6338	1937
5699	6339	1937
6096	6339	1937
5699	6340	1937
18075	6340	1937
5699	6341	1937
6116	6342	1937
5695	6343	1937
6061	6344	1937
6130	6345	1937
18075	6346	1937
6069	6347	1938
5695	6348	1938
5695	6349	1938
6096	6350	1938
6069	6351	1938
6130	6352	1938
5699	6353	1938
6174	6353	1938
6130	6354	1938
5695	6356	1938
6061	6357	1938
6061	6358	1939
6061	6359	1939
5699	6360	1939
6174	6360	1939
6302	6361	1939
18075	6362	1939
5699	6363	1939
6174	6363	1939
5699	6364	1939
6174	6364	1939
5699	6365	1939
34230	6367	1935
6967	6367	1935
6130	6368	1940
6174	6369	1940
18075	6370	1940
6302	6371	1940
6061	6372	1940
6096	6373	1941
7811	6374	1941
6174	6375	1941
6061	6376	1941
6130	6377	1941
6367	6378	1941
6130	6378	1941
6130	6379	1942
6174	6380	1942
6130	6381	1942
6302	6382	1942
6061	6383	1942
6174	6384	1942
7490	6386	1940
6174	6389	1943
6061	6390	1943
6130	6391	1943
18075	6392	1945
6174	6393	1945
6174	6394	1945
6096	6395	1946
6130	6396	1946
6096	6397	1946
6174	6398	1947
6096	6398	1947
4207	6399	1948
6388	6400	1948
6367	6401	1949
6385	6401	1949
18601	6424	1936
19401	6526	1948
7461	6590	1948
5856	6590	1948
834	6673	1942
834	6674	1942
834	6675	1947
45028	6676	1946
16920	6676	1946
11890	6807	1936
4942	6870	1937
18580	6882	1942
4926	6968	1930
5890	6980	1930
5890	6981	1934
6967	6982	1935
8582	6983	1937
6968	6984	1937
6968	6985	1937
5890	6986	1938
5890	6987	1940
5890	6988	1942
7770	7287	1939
7785	7302	1931
7923	7305	1938
7770	7306	1933
7685	7313	1949
7770	7317	1933
5292	7320	1933
7298	7398	1930
7298	7399	1934
7298	7400	1934
7490	7491	1931
7490	7492	1934
7490	7493	1935
7490	7494	1939
7490	7496	1944
7490	7497	1947
7490	7498	1947
7490	7499	1948
7490	7500	1949
7490	7501	1949
7518	7519	1940
7518	7520	1941
7518	7522	1948
7518	7523	1948
8154	7573	1931
13113	7583	1949
22317	7601	1933
6388	7605	1946
10385	7616	1947
8038	7628	1944
4946	7641	1942
24546	7643	1936
12548	7643	1936
38458	7651	1932
10323	7683	1939
12695	7684	1948
15887	7685	1939
1488	7687	1936
4956	7702	1939
6126	7719	1948
17851	7719	1948
18577	7724	1949
5647	7725	1944
4926	7746	1932
7587	7749	1937
22456	7764	1943
16942	7772	1946
4956	7781	1938
17409	7787	1941
57566	7787	1941
12008	7792	1938
5901	7796	1936
1279	7803	1938
7461	7811	1936
7461	7829	1937
11755	7876	1948
6130	7877	1938
7461	7879	1944
8181	7879	1944
6968	7882	1948
7491	7888	1948
6126	7936	1947
7957	7960	1930
6090	7961	1930
4930	7962	1930
4930	7963	1930
4930	7964	1931
4283	8007	1948
11755	8010	1938
8011	8012	1934
8011	8013	1934
8011	8014	1938
8011	8015	1944
8011	8016	1947
8011	8017	1949
6090	8040	1932
6090	8041	1932
4930	8043	1933
4141	8044	1933
7957	8046	1933
6090	8047	1933
7454	8047	1933
4930	8048	1934
4930	8049	1934
6090	8050	1934
4930	8051	1934
6090	8052	1934
4141	8053	1935
4930	8054	1935
6090	8055	1936
6090	8056	1936
6090	8057	1936
6090	8058	1936
4930	8059	1937
6071	8060	1937
7960	8061	1938
4930	8062	1938
6090	8063	1939
7957	8064	1939
6090	8065	1939
6071	8066	1940
7960	8067	1939
7957	8068	1939
4930	8069	1940
6071	8070	1940
6071	8071	1940
4930	8072	1940
6071	8073	1941
4930	8074	1941
6090	8075	1941
6071	8076	1941
4930	8077	1941
6090	8078	1941
6071	8079	1942
7957	8080	1941
7960	8081	1942
7960	8082	1942
4930	8083	1942
7960	8084	1942
4930	8085	1943
4930	8086	1943
7960	8087	1943
7587	8088	1940
8088	8090	1945
8012	8091	1946
6071	8092	1946
6071	8093	1947
6071	8094	1947
8088	8095	1947
4930	8096	1947
7957	8097	1947
8038	8098	1934
8038	8099	1936
53213	8099	1936
7491	8100	1939
8038	8101	1939
8038	8102	1939
8038	8103	1940
8038	8104	1942
8038	8105	1947
8038	8106	1948
8038	8107	1948
8038	8108	1948
8038	8109	1949
8038	8110	1949
8081	8129	1949
7339	8130	1949
8088	8131	1949
6071	8132	1949
4299	8139	1945
10463	8140	1939
18251	8140	1939
12959	8141	1936
4942	8142	1948
6870	8142	1948
8158	8206	1930
45314	8292	1949
22260	8294	1942
1430	8298	1948
1430	8300	1948
1430	8306	1938
1430	8313	1949
1430	8316	1949
8363	8364	1930
8363	8365	1932
8363	8366	1935
8363	8367	1936
8363	8368	1937
8363	8369	1938
8363	8370	1941
8363	8371	1944
8363	8372	1942
8363	8373	1948
8363	8374	1948
13648	8374	1948
20132	8419	1949
7461	8580	1934
7461	8581	1932
7461	8582	1930
7811	8594	1949
59054	8719	1933
62945	9100	1946
7443	9142	1935
93701	9169	1943
7441	9278	1931
7441	9279	1931
7441	9280	1932
7441	9281	1934
7441	9282	1932
7441	9283	1935
7441	9284	1936
7441	9285	1936
7441	9286	1936
7441	9302	1930
7441	9303	1931
7441	9304	1934
7441	9305	1935
9306	9313	1932
22456	9347	1949
834	9374	1947
74462	9434	1947
45944	9437	1949
22456	9651	1944
32845	9727	1936
7378	9732	1931
7364	9744	1938
34710	9745	1947
21984	9746	1936
11369	9781	1930
8152	9782	1931
8152	9783	1931
8152	9784	1932
8156	9785	1933
6060	9786	1933
8152	9787	1933
8152	9788	1936
8152	9789	1937
11369	9790	1937
6060	9791	1938
8152	9792	1939
8152	9793	1940
8152	9794	1940
10310	9795	1941
10310	9796	1941
9780	9797	1941
10310	9798	1943
8152	9799	1945
10310	9800	1945
8152	9801	1947
15059	9802	1948
8152	9803	1948
8152	9804	1948
10310	9805	1949
10310	9806	1949
10310	9807	1949
9142	10179	1949
6123	10180	1949
10323	10181	1947
10323	10182	1947
10323	10183	1946
10323	10184	1945
10323	10185	1943
10323	10186	1942
7864	10187	1942
6123	10188	1942
6123	10189	1942
10323	10190	1941
6123	10191	1941
6135	10192	1941
10323	10193	1941
11623	10194	1940
10323	10195	1939
10323	10196	1939
10323	10198	1939
6123	10199	1939
6123	10200	1938
10323	10201	1937
10323	10202	1936
10323	10203	1936
6071	10204	1936
6135	10205	1936
7864	10206	1936
7864	10207	1936
6071	10208	1935
11623	10209	1935
6071	10210	1935
10323	10211	1934
6071	10212	1934
7864	10213	1934
10323	10214	1934
6135	10215	1933
6123	10216	1933
6071	10217	1931
7864	10218	1931
6071	10219	1931
9314	10220	1931
9314	10221	1930
6104	10248	1948
5856	10264	1948
7383	10275	1939
4312	10278	1944
8581	10282	1949
8013	10283	1943
4956	10284	1947
4928	10286	1937
4942	10289	1947
10463	10290	1939
17806	10290	1939
20327	10301	1941
6071	10321	1948
8071	10321	1948
4930	10324	1948
10198	10325	1948
6071	10326	1949
6071	10327	1949
4930	10328	1949
7491	10347	1948
9314	10362	1931
9314	10363	1932
9314	10364	1932
9314	10365	1936
9314	10366	1936
9314	10367	1936
9314	10368	1937
9314	10369	1937
9314	10370	1939
9314	10371	1940
9314	10372	1940
9314	10373	1941
9314	10374	1942
9314	10375	1944
9314	10376	1946
9314	10377	1947
9314	10378	1947
9314	10379	1949
7868	10386	1933
7868	10387	1933
7868	10388	1935
7868	10389	1936
7868	10390	1938
8181	10390	1938
7868	10391	1944
7868	10392	1947
7868	10393	1948
10385	10395	1939
10385	10396	1942
10385	10397	1942
10395	10399	1949
7378	10467	1943
18955	10500	1938
14167	10736	1949
63061	10801	1949
84507	10802	1933
8192	10870	1930
5237	10871	1934
5237	10872	1938
5237	10873	1944
6169	10874	1947
5237	10875	1948
6169	10876	1948
282	11306	1941
21542	11314	1948
11540	11479	1938
11539	11479	1938
12008	11626	1943
16920	11642	1947
45028	11642	1947
8181	11735	1947
8181	11736	1947
17851	11769	1949
7006	11888	1934
31332	11904	1949
7443	11912	1930
37083	11981	1941
4926	12008	1935
7339	12042	1931
7952	12061	1938
7952	12062	1944
7950	12063	1942
7952	12064	1943
7952	12065	1945
7372	12066	1946
7372	12068	1946
7950	12069	1939
7792	12070	1949
12554	12076	1941
7372	12077	1943
7952	12077	1943
7950	12082	1942
12376	12260	1932
12376	12261	1936
12376	12262	1939
12376	12263	1939
43227	12368	1949
10463	12369	1931
64503	12379	1935
4299	12404	1947
12547	12548	1931
7490	12554	1930
13135	12555	1931
24546	12682	1933
60311	12682	1933
12694	12693	1946
8011	12695	1930
159901	12712	1949
34710	12786	1944
12694	12787	1947
7461	12968	1947
8104	12973	1949
20327	12974	1947
4946	12989	1942
4926	12997	1935
12681	13056	1932
12547	13097	1935
17947	13097	1935
5926	13107	1937
13107	13109	1947
35764	13113	1935
5655	13113	1935
18585	13226	1948
18689	13233	1948
45028	13234	1933
16942	13235	1945
37354	13270	1933
27153	13292	1934
77744	13296	1944
8038	13303	1942
22868	13307	1942
13346	13348	1937
35391	13354	1932
10310	13355	1947
13270	13355	1947
45944	13374	1945
1488	13382	1933
13700	13385	1944
47609	13402	1935
15188	13410	1949
7378	13411	1948
7378	13414	1948
22260	13415	1949
1354	13422	1934
9428	13426	1941
43260	13429	1949
4918	13430	1935
22260	13461	1949
5926	13508	1949
38461	13509	1940
12042	13511	1943
18554	13663	1948
91206	13666	1940
19561	13680	1945
18526	13699	1938
73831	13710	1940
73831	13711	1942
73831	13712	1948
73831	13713	1949
13303	13713	1949
66311	13720	1949
60310	13833	1945
46692	13866	1948
48482	13875	1940
108460	13935	1935
93505	13935	1935
9277	14157	1940
81354	14170	1948
155168	14187	1938
99447	14218	1948
14187	14218	1948
13296	14273	1948
4332	14274	1948
36887	14275	1948
13296	14276	1948
4332	14277	1948
13296	14278	1948
13385	14279	1949
13296	14280	1949
13296	14281	1949
4332	14282	1949
13666	14283	1949
4332	14284	1949
4332	14285	1949
13296	14286	1949
128138	14373	1939
20611	14682	1947
35893	14725	1946
15860	14737	1949
34710	14737	1949
16268	14739	1943
58066	15004	1943
18577	15077	1940
6151	15079	1949
1406	15096	1948
7461	15155	1939
5901	15164	1933
7690	15187	1947
17409	15188	1936
13648	15188	1936
84659	15198	1939
15198	15199	1949
7379	15256	1930
7379	15257	1931
7690	15258	1933
7379	15259	1934
7379	15260	1936
7379	15261	1939
7379	15262	1940
9179	15263	1935
4943	15590	1933
24548	15600	1946
4938	15609	1936
6151	15610	1937
293	15611	1937
6968	15612	1949
6151	15613	1949
6968	15614	1949
58991	15625	1943
17947	15631	1941
8153	15634	1946
15653	15652	1948
11890	15664	1934
16589	15668	1932
30607	15668	1932
4901	15715	1930
18580	15851	1939
7461	15860	1939
20970	15869	1944
50720	15870	1932
18585	15883	1931
24557	15886	1949
15887	15953	1942
48482	15967	1942
15858	15980	1936
15858	15992	1947
15856	16004	1933
15858	16007	1942
15887	16018	1937
12555	16032	1948
7587	16041	1939
12555	16062	1939
7587	16106	1939
7587	16113	1942
15883	16113	1942
16268	16130	1948
15856	16133	1937
44061	16159	1949
19542	16170	1949
15858	16172	1934
6143	16190	1941
15883	16192	1948
7587	16196	1948
7587	16199	1948
16275	16227	1943
16268	16230	1940
4619	16371	1933
7690	16435	1949
7361	16468	1933
20742	16468	1933
5187	16486	1947
5187	16487	1947
5187	16491	1949
7461	16549	1941
5252	16569	1941
5252	16571	1941
5252	16577	1939
5203	16625	1949
4951	16908	1948
35391	16918	1948
7381	16920	1932
93076	16963	1947
16268	17245	1949
13700	17252	1947
17409	17394	1930
10480	17507	1948
10480	17510	1942
10480	17512	1935
10480	17520	1937
10480	17529	1935
10480	17530	1947
10480	17542	1938
119067	17776	1949
4942	17808	1942
1279	17816	1943
1279	17817	1946
1279	17818	1946
1279	17819	1947
1279	17820	1948
1279	17821	1948
1279	17822	1948
1279	17830	1948
1320	17848	1940
1320	17849	1940
1320	17850	1941
7690	17850	1941
7383	17851	1937
9179	17971	1931
19524	17971	1931
9179	17972	1932
7361	17972	1932
9179	17973	1935
18253	17973	1935
9179	17974	1932
9179	17975	1935
17806	17975	1935
9179	17976	1933
9179	17977	1935
9179	17978	1936
9179	17979	1936
4928	18076	1939
16942	18215	1945
10463	18241	1937
17409	18355	1942
57566	18355	1942
13135	18498	1938
13135	18499	1937
13135	18500	1933
13135	18501	1930
13135	18503	1935
13135	18504	1937
13135	18505	1932
13135	18507	1935
18244	18509	1930
18244	18510	1935
18245	18511	1936
18245	18512	1937
18524	18512	1937
18532	18515	1936
17806	18515	1936
33932	18516	1935
18533	18517	1942
18250	18519	1940
18251	18522	1934
18251	18525	1941
18251	18526	1932
18251	18528	1933
18554	18529	1936
35462	18530	1933
18253	18530	1937
17806	18532	1930
17806	18533	1930
17806	18534	1936
17806	18538	1937
17806	18539	1940
30623	18539	1940
17806	18541	1934
17806	18542	1933
17806	18543	1933
17806	18547	1931
17806	18548	1938
4942	18548	1938
18482	18550	1932
18583	18553	1939
18581	18557	1930
18523	18558	1936
18523	18559	1939
10463	18560	1931
10463	18561	1930
10463	18562	1935
10463	18563	1933
10463	18565	1931
10463	18566	1938
18585	18568	1933
805	18568	1933
18587	18570	1931
10463	18570	1931
18483	18572	1936
18483	18573	1937
18588	18574	1937
18580	18575	1940
44123	18578	1947
18605	18604	1947
47631	18604	1947
18593	18609	1934
18689	18690	1949
25248	18953	1939
153018	18996	1934
7690	19401	1930
19492	19468	1938
23830	19468	1938
19492	19469	1938
23830	19469	1938
7488	19470	1934
19465	19495	1933
16920	19551	1949
19558	19565	1931
7448	19566	1931
7373	19575	1933
64951	19580	1937
19571	19581	1936
7584	19599	1932
18348	19599	1932
7448	19600	1935
19567	19600	1935
62344	19600	1935
19568	19601	1936
7584	19602	1936
18346	19602	1936
19535	19603	1936
7349	19603	1936
7349	19604	1937
7349	19605	1937
18346	19606	1938
18346	19607	1938
18346	19608	1939
7349	19609	1939
19571	19610	1942
19571	19611	1942
19572	19612	1942
19524	19721	1932
19524	19722	1933
19524	19723	1933
19524	19724	1934
19524	19725	1934
19524	19727	1936
19524	19728	1937
19524	19729	1938
19524	19730	1940
19965	19779	1933
13347	19851	1946
13347	19852	1948
5119	19951	1930
5119	19952	1931
17968	19958	1934
19779	20033	1944
19779	20034	1945
19779	20035	1947
19779	20036	1948
19950	20291	1949
1468	20327	1930
20359	20393	1941
20419	20418	1939
18689	20422	1934
19460	20538	1946
20644	20573	1932
20644	20574	1938
20644	20575	1938
20644	20577	1947
45944	20660	1949
20709	20665	1944
7361	20665	1944
19492	20666	1935
7361	20666	1935
20742	20668	1933
20742	20669	1935
20742	20670	1934
132862	20670	1940
20743	20672	1945
17409	20673	1932
17409	20674	1933
7361	20674	1933
20744	20676	1935
7361	20676	1935
20744	20677	1935
7361	20677	1935
20744	20678	1943
7361	20678	1943
20744	20679	1939
19524	20679	1939
20744	20680	1940
20744	20681	1940
20744	20682	1943
158871	20682	1943
20744	20683	1945
20744	20684	1939
35778	20685	1940
19524	20685	1940
25067	20686	1934
35777	20687	1940
7361	20687	1940
24639	20688	1942
20749	20690	1939
20749	20691	1938
19567	20692	1936
19567	20693	1938
19567	20694	1938
19567	20695	1938
19567	20696	1938
19567	20697	1938
19567	20698	1939
20744	20698	1939
19567	20699	1937
19567	20700	1938
19567	20701	1939
19567	20702	1936
19567	20703	1939
19567	20704	1939
7361	20706	1930
7361	20707	1933
7361	20708	1945
7361	20709	1936
7361	20712	1937
9179	20713	1937
7361	20713	1937
19524	20713	1937
7361	20714	1937
7361	20715	1941
7361	20716	1937
20747	20717	1945
20747	20718	1945
20747	20719	1945
20748	20721	1943
44110	20722	1938
20745	20726	1931
19524	20726	1931
20745	20727	1933
20745	20728	1934
20745	20733	1932
20750	20733	1932
20746	20738	1937
20746	20739	1938
7361	20740	1939
20746	20740	1939
51428	20838	1930
34230	20842	1932
34230	20844	1935
18593	20845	1941
57548	20983	1937
53580	20983	1937
51374	20985	1930
95511	20985	1930
234	21213	1949
18593	21249	1938
7394	21264	1949
15252	21539	1931
38798	21540	1947
6967	21542	1931
49363	21543	1942
21636	21552	1949
46877	21559	1938
26941	21574	1948
23830	21574	1948
106851	21588	1947
106852	21588	1947
17968	21592	1936
49499	21592	1936
7517	21596	1931
46877	21596	1931
18348	21604	1937
71567	21604	1937
20844	21612	1949
19725	21612	1949
15668	21623	1949
7371	21636	1934
30917	21645	1949
57704	21645	1949
17409	21648	1935
49363	21651	1944
20676	21651	1944
7690	21652	1937
15578	21655	1939
19427	21683	1931
7394	22086	1933
7394	22087	1934
22843	22089	1939
22843	22090	1940
19465	22093	1933
19716	22114	1935
19716	22115	1937
1354	22140	1937
1423	22466	1941
17409	22486	1937
57566	22486	1937
17409	22487	1938
57566	22487	1938
17409	22488	1941
21648	22488	1941
17409	22489	1949
18355	22489	1949
17409	22490	1941
57566	22490	1941
17409	22491	1942
57566	22491	1942
4740	22666	1941
4931	22666	1941
16920	22668	1947
16920	22686	1949
16268	22695	1946
7863	22722	1949
17409	22722	1949
16920	22724	1946
45028	22724	1946
13648	22834	1939
57704	22834	1939
49685	22837	1938
18926	22861	1942
18926	22862	1943
4946	22866	1935
4946	22867	1937
4946	22868	1942
282	22877	1935
7690	22879	1931
7690	22880	1933
7690	22881	1933
7690	22882	1934
7690	22883	1934
7690	22884	1934
7690	22886	1946
7690	22887	1949
7690	22888	1949
30607	22889	1941
47619	22895	1941
6967	22905	1934
45340	23180	1941
6388	23225	1935
6388	23226	1939
32926	23433	1946
37083	23607	1939
6388	23906	1939
4122	24000	1948
81192	24177	1936
18955	24303	1935
7690	24338	1948
5699	24406	1930
7461	24489	1940
15155	24490	1947
15155	24499	1949
16920	24528	1948
16920	24529	1949
16920	24531	1949
74408	24594	1946
17947	24627	1935
65536	24755	1943
15253	24766	1937
32846	24956	1949
44940	25062	1949
45314	25065	1947
12545	25112	1932
57661	25129	1937
106421	25129	1941
20970	25185	1939
53388	25185	1939
11540	25219	1948
25222	25223	1930
25222	25224	1930
25222	25225	1930
25222	25226	1933
25222	25227	1935
25222	25228	1936
25222	25229	1939
834	25272	1948
35422	25286	1948
17947	25287	1939
34230	25302	1939
49284	25360	1949
11755	25403	1949
21596	25455	1944
120693	25481	1932
45055	25489	1934
16920	25523	1947
132862	25897	1931
73831	25974	1948
34230	26096	1938
2197	26764	1940
49914	26941	1938
7518	27020	1933
23830	27020	1933
7518	27021	1934
7518	27022	1944
7518	27023	1932
23830	27023	1932
7517	27030	1930
7518	27031	1944
18253	27100	1940
46841	27149	1942
146152	27227	1941
18348	27483	1938
20676	27483	1938
28292	28000	1949
5916	28029	1931
11371	28035	1944
11371	28037	1940
3505	28178	1935
3314	28190	1931
12694	28297	1949
16942	28458	1936
16942	28459	1940
16942	28460	1941
16942	28461	1942
16942	28463	1945
16942	28465	1947
16942	28466	1947
16942	28467	1948
16942	28468	1948
145416	29171	1949
14167	29301	1948
30607	29633	1936
19497	29633	1936
29652	29650	1948
56857	29696	1939
30991	29818	1948
77417	29861	1940
73831	29869	1948
51374	29883	1931
30169	29909	1949
20844	30022	1948
19725	30036	1949
19725	30037	1949
92249	30091	1943
34708	30395	1948
18588	30467	1948
62507	30609	1938
30623	30624	1941
74408	30638	1937
8762	30638	1937
131934	30639	1947
8154	30642	1933
13648	30707	1932
57704	30707	1932
10290	30902	1948
13648	30917	1935
30922	30917	1935
13648	30918	1931
57704	30918	1931
13648	30919	1932
13648	30921	1935
30922	30921	1935
13648	30923	1938
30922	30923	1938
13648	30924	1938
17409	30924	1938
13648	30928	1934
138157	30930	1936
13648	30930	1936
13648	30933	1946
13648	30934	1949
79640	30991	1932
79641	30991	1932
58042	31066	1948
17851	31297	1948
63604	31325	1936
63786	31332	1933
41611	31348	1933
23961	31456	1933
23961	31457	1936
23961	31458	1941
35422	31522	1948
8153	31653	1936
8153	31654	1937
8153	31655	1938
8153	31656	1940
8153	31657	1941
4943	31658	1938
8153	31659	1944
8153	31660	1946
8153	31662	1947
8153	31663	1948
12695	31713	1940
12695	31714	1944
12695	31715	1946
7429	31840	1932
7429	31841	1937
6296	31926	1936
6296	31927	1936
4283	32090	1947
4283	32091	1947
4283	32092	1947
4283	32094	1949
5865	32123	1931
5865	32124	1933
5865	32125	1933
5865	32126	1935
5865	32127	1936
32892	32145	1939
32892	32146	1941
32845	32191	1933
32845	32192	1934
32845	32193	1935
32845	32194	1935
32845	32196	1940
32845	32197	1941
4951	32256	1936
4951	32257	1941
4951	32258	1941
4951	32259	1942
4951	32260	1942
4951	32262	1949
12694	32291	1945
12694	32292	1946
12694	32295	1948
12694	32297	1948
12694	32300	1949
32901	32388	1931
7461	32489	1947
46037	32523	1931
52328	32523	1931
5926	32637	1935
5926	32639	1939
5926	32640	1948
13347	32658	1948
32118	32820	1937
32118	32821	1939
95228	32837	1949
72499	32846	1931
8043	32853	1945
82968	32921	1949
55699	32925	1945
4615	32926	1930
18577	32949	1931
7378	33061	1942
342	33127	1939
342	33128	1940
342	33130	1948
15188	33347	1939
15188	33348	1943
15188	33349	1949
15188	33350	1949
15188	33352	1949
19458	33361	1944
22260	33456	1948
22260	33457	1949
22260	33458	1949
22260	33469	1948
4122	33485	1947
13456	33575	1949
31457	33576	1941
58665	33680	1947
7378	33725	1937
7378	33726	1938
7378	33727	1939
7378	33728	1940
7378	33729	1941
7378	33731	1943
7378	33732	1944
7378	33733	1946
7378	33736	1949
7378	33737	1949
45055	33804	1949
7378	33909	1934
25112	34146	1947
58739	34219	1931
18605	34226	1936
19497	34226	1936
73816	34233	1943
7339	34257	1931
41611	34272	1949
12694	34603	1948
12694	34606	1949
24385	34690	1949
34710	34707	1940
34710	34708	1940
34710	34709	1940
38458	34710	1931
7489	34954	1935
52925	34955	1932
106536	34962	1938
7864	35024	1939
15860	35028	1947
34710	35033	1946
15860	35033	1946
5918	35041	1933
13418	35051	1947
35424	35072	1939
6110	35088	1939
6110	35089	1939
6110	35090	1949
35422	35100	1949
35422	35101	1949
5856	35131	1948
28178	35136	1948
6065	35142	1936
6065	35143	1939
98816	35197	1937
43260	35217	1949
35432	35218	1941
35434	35222	1948
7573	35370	1948
113601	35463	1933
1407	35502	1937
4929	35518	1947
79963	35710	1949
123924	35710	1949
4918	35764	1933
18601	35778	1933
1488	35820	1949
4929	35880	1949
4929	35882	1941
4929	35891	1940
4929	35893	1938
1430	35893	1938
4929	35894	1937
4929	35895	1936
4929	35896	1935
4929	35897	1935
4929	35898	1931
4929	35899	1930
4929	35900	1932
45055	35907	1937
35957	35955	1936
51904	35955	1936
22902	36153	1947
7801	36175	1939
287	36176	1939
287	36177	1946
287	36178	1930
287	36179	1933
7801	36184	1935
7801	36185	1941
7801	36186	1934
7801	36187	1940
7801	36188	1932
7801	36189	1936
7801	36190	1933
7801	36191	1935
7801	36192	1933
8602	36202	1949
1468	36208	1933
1468	36210	1931
7518	36212	1944
6968	36254	1944
31348	36258	1948
19524	36263	1935
10479	36441	1933
57471	36548	1931
7517	36548	1931
19427	36887	1931
125586	36997	1946
13935	37085	1941
31655	37151	1949
7488	37275	1935
37342	37365	1930
37354	37372	1934
37342	37373	1936
37354	37381	1942
37354	37383	1942
37342	37385	1943
37354	37389	1947
13270	37390	1947
8104	37580	1949
15217	37676	1937
15217	37678	1936
34226	37680	1949
15217	37684	1938
47792	37684	1938
15217	37685	1934
15217	37692	1942
15217	37693	1941
15217	37697	1937
15217	37698	1936
15217	37758	1931
15217	37760	1934
5856	38318	1948
80970	38471	1933
76952	38507	1947
44139	38523	1933
36900	38627	1949
34230	38798	1930
140530	38821	1936
30609	39163	1949
20676	39961	1944
46924	40000	1948
31348	40036	1948
8038	40036	1948
10384	40575	1935
58739	40735	1933
4843	40901	1949
4929	41350	1948
37348	41688	1941
32145	42103	1949
43227	42106	1949
30609	42124	1949
33019	42127	1949
7687	42176	1949
13385	42407	1949
21657	42439	1949
93506	42450	1939
98272	42451	1935
13303	42547	1948
73831	42547	1948
13235	42566	1948
10367	42566	1948
52076	42580	1947
4926	42743	1930
8163	42744	1930
36219	42745	1931
69220	42747	1930
4926	42750	1930
4232	42751	1931
4615	42753	1931
23944	42755	1931
36149	42765	1930
5901	42768	1930
38458	42771	1931
45028	42773	1930
45028	42774	1931
11890	42776	1931
7381	42786	1933
8163	42786	1933
166091	42786	1933
4232	42799	1934
7439	42800	1932
62507	42801	1933
62507	42802	1934
7439	42803	1934
1354	42807	1932
4926	42809	1934
8153	42812	1933
21984	42813	1934
45028	42820	1934
4926	42843	1936
4926	42844	1935
7365	42849	1935
6114	42850	1935
1488	42851	1935
8166	42852	1935
1488	42853	1935
1488	42854	1937
36900	42856	1936
18245	42857	1937
18251	42857	1937
21984	42865	1936
38461	42866	1937
5901	42874	1936
38458	42875	1936
38458	42877	1936
5901	42878	1937
38458	42880	1937
38458	42881	1937
5657	42883	1934
45028	42887	1935
38320	42893	1934
38320	42894	1934
11890	42895	1935
62507	42898	1940
62507	42900	1939
62507	42904	1939
1488	42905	1938
20327	42906	1940
38645	42920	1940
7573	42925	1949
44145	42930	1940
36149	42935	1939
4944	42940	1940
45028	42943	1938
45028	42944	1939
1488	42948	1939
31833	42952	1940
6134	42953	1939
36887	42961	1947
8013	42963	1941
42748	42970	1944
6126	42973	1946
6126	42974	1947
20327	42976	1941
20327	42977	1942
36219	42978	1947
834	42980	1944
4946	42980	1944
4956	42981	1947
25897	42984	1943
89292	42986	1947
4232	42988	1944
30609	42990	1941
20745	42991	1941
62507	42992	1942
4122	42993	1943
62507	42994	1943
62507	42995	1945
63456	42996	1946
8038	43000	1941
7587	43005	1943
31348	43005	1943
18926	43010	1947
7461	43018	1949
21984	43019	1943
8170	43027	1943
7131	43030	1943
5901	43033	1940
38458	43034	1941
42771	43034	1941
38458	43036	1942
42771	43036	1942
38458	43037	1941
5901	43039	1946
7573	43042	1947
45028	43049	1941
45028	43050	1945
19427	43055	1946
19427	43056	1947
15856	43065	1941
7587	43066	1944
43227	43070	1941
5648	43073	1947
4291	43073	1947
19535	43146	1942
155195	43146	1942
7371	43224	1949
46877	43224	1949
35016	43227	1932
4942	43320	1948
834	43320	1948
5879	43589	1941
99692	44122	1948
83078	44401	1940
44557	44419	1933
38461	44505	1932
20611	44712	1938
20611	44713	1939
20611	44714	1940
20611	44715	1945
20611	44716	1945
51904	45002	1936
34230	45002	1936
76947	45228	1942
97838	45826	1941
66699	45835	1947
105807	45835	1947
55699	45944	1931
32903	45996	1935
32903	46023	1948
32903	46024	1948
35016	46034	1934
19497	46070	1934
30607	46070	1934
122554	46486	1930
66708	46564	1935
22421	46564	1935
106536	46695	1940
34230	46830	1930
7862	46841	1931
46925	46861	1931
30705	46926	1930
23830	46926	1930
53481	47128	1944
7299	47381	1930
48326	47608	1940
18577	47704	1932
47733	47734	1936
47733	47736	1939
37083	48145	1941
47609	48319	1933
7379	48325	1937
48326	48350	1941
18343	48388	1932
34257	48396	1949
46973	48432	1941
46973	48433	1944
31357	48491	1931
48484	48509	1931
48484	48510	1931
48484	48511	1937
48484	48512	1937
48484	48513	1936
48484	48514	1938
48484	48515	1938
48484	48516	1943
46877	48521	1931
57471	48521	1931
46877	48522	1933
46877	48523	1933
46877	48524	1934
46877	48525	1934
46877	48526	1936
46877	48527	1937
46877	48528	1938
46877	48529	1938
46877	48530	1938
46877	48531	1938
46877	48532	1939
46877	48533	1939
46877	48534	1941
10367	48926	1949
18343	49090	1931
47817	49090	1931
34230	49125	1932
34230	49126	1933
34230	49127	1934
34230	49128	1932
34230	49130	1935
34230	49131	1937
34230	49132	1937
34230	49135	1939
25222	49284	1940
49555	49554	1946
8104	49578	1948
7378	49586	1933
19467	49611	1941
25481	49614	1935
49675	49622	1942
108137	49622	1942
32903	49633	1930
32903	49634	1933
30607	49638	1931
49649	49643	1948
49685	49649	1933
67326	49649	1933
36149	49766	1934
36149	49768	1939
36149	49771	1934
36149	49772	1947
36149	49773	1930
36149	49775	1947
36149	49776	1934
36149	49778	1931
49629	49835	1933
30596	49837	1937
19497	49846	1931
49633	49968	1943
49633	49969	1945
51456	49987	1931
30176	49989	1938
121171	49989	1938
15253	50015	1937
7356	50018	1940
234	50671	1930
234	50672	1930
234	50673	1932
234	50674	1933
234	50675	1934
234	50676	1936
234	50677	1937
18593	50943	1935
18577	51071	1934
11321	51155	1947
21669	51346	1938
30607	51353	1949
99447	51356	1945
48482	51363	1939
32903	51382	1937
47733	51392	1937
51428	51450	1932
105810	51453	1936
44940	51468	1949
15198	51471	1948
49685	51483	1946
32903	51498	1934
32903	51502	1943
32903	51503	1938
19433	51510	1931
51482	51519	1939
57784	51542	1947
18532	51769	1949
51907	51928	1944
7346	51991	1932
7378	51991	1932
35957	52010	1934
46060	52010	1934
35957	52017	1933
51890	52017	1933
51904	52018	1944
21577	52018	1944
51902	52024	1930
47610	52024	1930
35957	52029	1931
46060	52029	1931
25504	52036	1935
35957	52036	1935
46060	52051	1933
35957	52051	1933
35957	52056	1937
51904	52056	1937
35957	52058	1932
51890	52058	1932
51904	52061	1944
21577	52061	1944
51891	52068	1941
51904	52068	1941
51904	52074	1939
35957	52074	1939
46060	52089	1930
47610	52089	1930
46060	52091	1931
35957	52091	1931
51904	52096	1944
21577	52096	1944
46060	52102	1932
35957	52102	1932
51904	52106	1944
21577	52106	1944
44557	52116	1930
36441	52129	1940
49914	52322	1941
13431	52515	1949
25897	52550	1948
25897	52551	1949
25897	52552	1949
25897	52553	1949
48125	52586	1949
53580	52914	1939
53266	52914	1939
7863	52969	1933
19427	52998	1932
53008	53007	1940
24408	53008	1936
11912	53256	1944
11755	53329	1932
53473	54115	1933
53473	54116	1934
53473	54117	1934
53473	54121	1938
54098	54124	1946
54110	54124	1946
148191	54143	1936
15253	54209	1937
52116	54284	1948
6967	54295	1934
19950	54295	1934
57450	54444	1930
6967	54446	1935
30922	54448	1942
57704	54448	1942
21648	54459	1949
18355	54459	1949
52356	54637	1930
66708	55304	1946
66708	55306	1936
10479	55572	1939
55513	55572	1939
64912	55672	1934
85409	55680	1949
66093	56379	1936
52328	56379	1936
136930	56391	1947
103204	56403	1937
51374	56403	1937
49363	56745	1940
13700	56855	1938
56857	56858	1935
24107	56858	1935
56858	56877	1948
105966	56928	1945
18689	56992	1947
18689	57016	1944
19458	57018	1948
19458	57019	1947
18577	57214	1939
7346	57577	1931
19719	57668	1938
18577	57739	1935
18577	57751	1939
18577	57753	1944
18577	57754	1938
18577	57757	1947
18577	57769	1943
18577	57770	1947
18577	57771	1947
18577	57772	1948
18577	57773	1948
18577	57774	1948
25018	57774	1948
18577	57775	1949
18577	57776	1949
93506	57784	1940
30922	57863	1936
57704	57863	1936
30922	57864	1936
15240	57864	1936
30922	57865	1935
57704	57865	1935
57782	57866	1933
30922	57866	1933
15240	57867	1932
30922	57867	1932
7374	57918	1944
26764	57959	1947
115082	58078	1938
115081	58078	1938
53118	58473	1930
17409	58478	1946
21648	58478	1946
58901	58484	1946
122118	58746	1942
4945	58991	1936
58909	59162	1945
13104	59601	1936
19720	59601	1936
49020	60000	1936
9707	60189	1938
17409	60189	1938
62945	60199	1945
63076	60199	1945
57566	60220	1942
7863	60220	1942
51866	60225	1935
52320	60225	1935
53118	60267	1936
16907	60290	1932
37640	60290	1932
15253	60294	1931
12546	60312	1931
60313	60314	1945
60313	60315	1945
60313	60316	1946
60313	60317	1946
60313	60318	1947
60313	60319	1949
60313	60320	1949
60303	60359	1945
60303	60360	1947
60308	60366	1935
60308	60367	1935
47600	60872	1939
47600	60873	1946
17969	61420	1935
49363	61420	1935
51469	61602	1936
51374	61669	1931
46037	61687	1933
52320	61687	1933
26941	61846	1947
57566	62026	1949
7863	62026	1949
33683	62134	1930
7517	62134	1930
7517	62135	1933
46877	62135	1933
7517	62136	1933
57471	62136	1933
46877	62137	1933
7517	62137	1933
57976	62138	1934
46877	62138	1934
57976	62139	1934
31357	62139	1934
8038	62140	1935
52361	62140	1935
7517	62141	1935
57471	62141	1935
48520	62142	1935
46877	62142	1935
31357	62143	1936
57471	62146	1938
31357	62146	1938
57471	62147	1939
31357	62147	1939
7517	62148	1942
54773	62148	1942
7517	62149	1943
57976	62149	1943
19567	62150	1944
57471	62150	1944
7517	62151	1947
57471	62151	1947
57471	62153	1949
62144	62153	1949
7517	62360	1940
62145	62360	1940
57471	62365	1938
62144	62365	1938
46037	62562	1934
52320	62562	1934
32926	62761	1941
32926	62763	1940
32926	62765	1948
32926	62766	1947
59649	62885	1947
51374	62945	1931
6091	62945	1931
18601	62950	1940
18608	62996	1932
18343	62996	1932
1488	63001	1949
17409	63015	1948
16971	63089	1936
22421	63102	1949
63075	63102	1949
24408	63492	1939
6967	63565	1936
19950	63565	1936
44110	63566	1938
6967	63781	1931
7378	63781	1931
20970	63800	1932
49633	63816	1945
123862	63826	1946
65094	63891	1941
67735	64567	1932
63061	64848	1947
7391	64914	1934
5914	64994	1938
65031	65030	1938
97138	65032	1949
64912	65062	1933
65030	65081	1949
5852	65111	1933
7443	65111	1933
17968	65134	1938
58360	65163	1938
65163	65164	1947
57794	65334	1939
53262	65334	1939
168619	65340	1936
168620	65340	1936
7349	65347	1942
46991	65368	1930
46991	65370	1933
19499	65379	1939
234	65379	1939
19499	65380	1941
30705	65395	1930
23830	65395	1930
30705	65396	1931
23830	65396	1931
23830	65397	1931
20710	65398	1932
23830	65399	1933
23830	65402	1936
30705	65404	1938
23830	65404	1938
23830	65405	1938
23830	65406	1940
150314	65409	1938
19571	65409	1938
53580	65425	1939
57548	65425	1939
38516	65441	1930
53413	65441	1930
38516	65442	1930
53413	65442	1930
53413	65443	1931
38516	65443	1931
53266	65445	1933
53251	65445	1933
38516	65448	1933
53413	65448	1933
38516	65451	1934
53413	65451	1934
38516	65455	1935
53413	65455	1935
53580	65462	1939
53266	65462	1939
57548	65464	1939
53580	65464	1939
53266	65465	1939
7339	65491	1937
45055	65491	1937
7346	65540	1932
7862	65540	1932
17969	65546	1934
51904	65548	1935
34230	65548	1935
51904	65551	1937
51374	65552	1937
46866	65556	1939
13104	65556	1939
51991	65558	1942
46866	65558	1942
47792	65573	1936
18601	65586	1930
18601	65591	1932
18601	65598	1936
22905	65600	1939
52433	65619	1933
16907	65627	1934
43955	65641	1931
52987	65641	1931
43955	65642	1932
7447	65643	1932
43955	65644	1933
71661	65648	1934
20742	65666	1936
20742	65668	1940
17968	65672	1944
20710	65673	1944
17968	65673	1944
18343	65712	1932
51469	65712	1932
19497	65714	1933
18343	65714	1933
18608	65715	1934
19497	65715	1934
30607	65719	1936
158871	65723	1940
168629	65723	1940
30607	65725	1941
46037	65762	1931
52328	65762	1931
52328	65765	1932
46037	65765	1932
46037	65766	1934
51866	65766	1934
18593	65794	1930
158116	65799	1934
18593	65803	1937
73820	65816	1933
52356	65830	1937
85030	65830	1937
20970	65844	1931
20970	65849	1934
20970	65850	1935
58909	66020	1945
51444	66023	1948
66600	66027	1939
24407	66409	1948
53459	66409	1948
175405	66564	1946
175406	66564	1946
66532	66600	1933
31357	66697	1934
31357	66698	1930
31357	66707	1938
64567	66709	1944
64567	66710	1944
64567	66711	1946
64567	66712	1947
64567	66713	1947
64567	66714	1948
64567	66715	1948
64567	66716	1948
64567	66717	1948
64567	66718	1948
64567	66719	1948
64567	66720	1948
64567	66721	1948
64567	66722	1949
64567	66723	1949
57548	67274	1931
38516	67274	1931
57548	67275	1933
38516	67275	1933
67326	67517	1945
67688	67687	1935
64879	67688	1938
6967	67727	1933
13104	67727	1933
60263	68588	1933
62945	68588	1933
71890	68779	1948
18593	69667	1935
18251	70801	1933
18250	70801	1933
57769	70804	1949
68448	70804	1949
162577	70856	1949
18605	71572	1936
58901	71577	1938
72168	72166	1949
72167	72168	1936
17806	72215	1941
32903	72269	1932
32903	72270	1942
32903	72271	1933
32903	72272	1932
32903	72273	1934
32903	72274	1937
72251	72274	1937
32903	72275	1936
32903	72276	1937
24403	72286	1936
81193	72828	1937
45011	73798	1931
67547	73798	1931
78732	73831	1932
73921	73939	1948
73921	73940	1939
73921	74288	1936
63075	74310	1938
59649	74403	1940
74408	74405	1945
98272	74405	1945
73921	74413	1949
73921	74414	1939
53044	74432	1949
7443	74462	1932
74462	74471	1948
74462	74473	1949
76967	74544	1948
73921	74736	1945
63089	74736	1945
74943	74951	1946
75930	75087	1935
22537	75260	1946
75259	75335	1936
54457	75335	1936
73921	75383	1939
73921	75384	1939
73922	75426	1944
73922	75427	1941
73922	75428	1938
73921	75468	1948
73921	75469	1945
73921	75470	1939
55513	76166	1947
18926	76209	1945
129621	76341	1934
21648	76461	1948
17409	76461	1948
17947	76474	1939
112674	76489	1931
64503	76509	1944
116243	76510	1949
78333	76721	1941
73816	76762	1937
18245	76884	1931
36900	76884	1931
106603	76889	1947
10479	76948	1949
83975	76967	1937
93550	77126	1930
50509	77126	1930
76947	77142	1942
91206	77744	1931
20644	77933	1940
73816	78519	1940
36441	78688	1937
782	78838	1939
18689	78838	1939
93532	79112	1946
54650	79362	1939
17507	79444	1949
30991	79637	1947
73921	79699	1937
73921	79700	1940
74408	79702	1939
74408	79703	1937
73921	79736	1940
73921	79737	1947
91314	79756	1946
24548	79926	1938
51469	79932	1934
63570	79932	1934
36441	79963	1937
80136	79969	1941
78333	80217	1940
7364	80252	1946
63075	80566	1931
22421	80566	1931
63075	80567	1932
22421	80567	1932
63075	80568	1938
22421	80568	1938
98453	80859	1944
22317	80859	1944
7829	80987	1948
81410	81354	1932
128054	81414	1942
135104	81415	1949
19497	81491	1943
50630	81539	1939
138509	81539	1939
8011	82303	1936
25222	82956	1930
67688	82984	1939
144889	82999	1940
42748	83036	1949
67688	83042	1941
64879	83042	1941
34710	83137	1945
18245	83291	1947
84005	83975	1933
46924	84152	1937
30176	84152	1937
84372	84357	1947
30638	84357	1947
18529	84426	1949
18251	84447	1930
22743	84569	1934
18925	84582	1930
73816	84686	1949
52328	84863	1930
66093	84863	1930
43227	85310	1949
43227	85312	1949
52328	85589	1932
46037	85589	1932
56858	85950	1949
13056	86236	1949
93145	86272	1945
13056	86298	1948
114479	86816	1935
73921	87492	1936
73921	87858	1944
122119	87903	1943
122490	87903	1943
73921	88078	1937
80970	88091	1948
76797	88206	1933
31332	88484	1932
88520	88511	1940
59054	88520	1930
18524	88622	1945
88677	88632	1946
75194	88677	1930
88632	88713	1948
58739	88717	1939
18585	88939	1948
37640	89283	1930
89292	89293	1931
89292	89310	1940
89313	89310	1940
24555	89706	1938
18345	89921	1947
4928	90277	1931
7374	90286	1947
7356	90286	1947
90283	90291	1946
90284	90291	1946
19571	90328	1933
53265	90328	1933
165459	90377	1949
90380	90436	1948
7374	90573	1947
81193	91104	1939
66708	91124	1946
22421	91124	1946
31332	91222	1942
36900	91282	1948
18524	91587	1935
18251	91587	1935
111540	91923	1941
73922	92477	1937
18524	92483	1947
92761	92644	1947
127139	92731	1948
43260	92731	1948
131580	92761	1944
168629	92871	1933
51986	92871	1933
45341	93073	1939
49363	93179	1933
13935	93185	1940
66700	93433	1932
93405	93568	1948
93506	93701	1933
18601	93706	1936
93692	93706	1936
18245	93708	1948
93532	93724	1948
45944	93772	1945
13700	94381	1947
65163	94381	1947
79626	94392	1949
7441	94473	1937
83078	94566	1939
77417	94594	1938
77417	94595	1941
77417	94596	1948
36900	94641	1934
52129	95220	1948
128062	95228	1941
105486	95402	1941
49633	95427	1936
49633	95428	1943
49633	95429	1947
49633	95430	1947
20985	95510	1945
84507	95718	1931
95718	95719	1938
95719	95720	1945
80970	95965	1935
81192	96080	1934
96080	96086	1949
96080	96185	1943
42450	97081	1947
97121	97140	1936
70801	97187	1946
73323	97467	1940
97463	97474	1938
56855	97484	1949
97748	97630	1937
97748	97710	1947
97838	97711	1938
105807	97711	1938
97748	97755	1945
66311	97835	1937
46692	97836	1941
19037	97839	1933
97748	97843	1944
97838	97866	1941
97839	97866	1941
105772	97988	1949
97838	98076	1946
97747	98077	1948
36435	98147	1937
36439	98358	1948
64503	98809	1932
105436	98816	1936
111345	98916	1947
118323	166207	1946
108647	167097	1940
168357	167323	1933
13344	167529	1932
139561	167567	1947
170207	168535	1944
51986	168630	1936
168629	168630	1936
174076	169112	1948
169154	169155	1937
169155	169156	1948
24107	169504	1946
24408	169505	1946
123308	169724	1930
18593	169756	1944
158116	169756	1944
139419	169824	1940
93506	169824	1940
84659	169887	1939
58343	169962	1931
108647	170801	1936
36900	170801	1936
167798	170801	1936
172517	171098	1940
22537	171170	1943
158753	171345	1935
172027	171434	1938
172521	172027	1934
5852	172512	1934
51469	172794	1949
51469	172852	1933
63570	172852	1933
12369	173056	1946
139545	173090	1944
173089	173090	1944
43115	173453	1948
135104	173459	1944
135104	173463	1946
135104	173464	1949
135104	173465	1949
135104	173466	1949
51986	173685	1935
168629	173685	1935
16966	173801	1940
45944	173856	1945
17512	173871	1949
135104	174723	1945
4332	174724	1941
4332	174725	1946
26096	174781	1949
26096	174782	1949
26096	174783	1949
64879	175206	1937
128138	175304	1948
64503	175421	1939
175206	175565	1948
175730	175729	1946
132996	175730	1934
99432	99447	1932
99447	99588	1945
49685	99614	1933
83267	99630	1940
97751	100003	1949
50720	100216	1948
66313	100284	1936
66271	100284	1936
82956	100513	1949
95719	100513	1949
111543	101079	1945
102042	101083	1948
102057	102065	1936
102058	102065	1936
36441	102065	1938
98272	102557	1936
9707	102735	1930
57704	102735	1930
57704	102737	1932
13648	102737	1932
57704	102739	1933
13648	102739	1933
57704	102740	1934
13648	102740	1934
57704	102741	1938
57704	102744	1942
30922	102744	1942
30922	102745	1943
57704	102745	1943
60189	102746	1948
57704	102746	1948
30922	102747	1948
57704	102747	1948
7863	102748	1948
57704	102748	1948
63075	102808	1936
63075	102809	1942
63075	102811	1949
63075	102812	1942
63075	102814	1936
63075	102818	1945
63075	102819	1946
63075	102824	1938
63075	102825	1944
63075	102830	1943
63075	102832	1947
63075	102833	1947
63075	102835	1943
63075	102837	1934
83268	103155	1945
13935	103156	1941
15856	103209	1935
15858	103220	1930
15858	103222	1932
15858	103223	1932
7587	103226	1940
103155	103244	1947
15198	103257	1948
7356	103452	1933
7356	103454	1943
57566	103456	1936
17409	103456	1936
21648	103636	1949
7863	103636	1949
57094	103643	1939
30922	103643	1939
57094	103644	1936
57566	103644	1936
57094	103645	1949
57566	103645	1949
99692	103693	1948
128050	103959	1939
12694	103980	1936
86693	104015	1931
104015	104037	1940
104015	104038	1940
48482	104262	1943
51428	104266	1940
98272	104267	1938
120320	104307	1942
30922	104353	1941
15240	104353	1941
30922	104615	1948
15240	104615	1948
36436	104676	1935
106475	104715	1934
18245	104796	1933
92557	105036	1949
35422	105399	1949
51482	105771	1948
51469	105772	1930
63570	105772	1930
105777	105778	1942
105776	105778	1942
18245	105781	1930
14167	105785	1946
18251	105786	1930
105772	105799	1948
78333	105803	1949
105811	105805	1942
118323	105871	1947
110276	105985	1949
24107	106009	1941
51482	106064	1932
63089	106074	1941
106036	106094	1946
104421	106154	1946
83268	106156	1937
36441	106157	1933
24408	106296	1938
17512	106301	1938
76797	106309	1933
106924	106324	1934
105436	106443	1936
105436	106463	1931
98816	106465	1948
48688	106484	1939
110300	106534	1942
14001	106535	1943
53008	106613	1947
76797	106613	1947
24408	106614	1942
24408	106615	1937
24408	106671	1942
13982	106671	1942
24408	106672	1936
24408	106673	1944
24408	106674	1938
24408	106675	1935
24408	106697	1938
24408	106698	1949
24408	107025	1941
56857	107048	1941
76797	107202	1934
92557	107211	1939
91350	107215	1949
16971	107218	1938
16971	107219	1940
16971	107221	1935
16971	107222	1938
35197	107229	1949
53008	107236	1941
83078	107240	1940
83078	107241	1940
77417	107242	1939
18545	107390	1948
14001	107394	1938
17947	107420	1936
107593	107608	1945
19560	107608	1945
107558	107666	1940
59649	107968	1949
18251	108038	1936
10480	108206	1937
10480	108207	1937
10479	108322	1935
10479	108323	1938
54650	108329	1939
107558	108360	1935
54650	108360	1935
79963	108477	1949
54547	108497	1942
54547	108630	1949
108647	108646	1936
36900	108646	1936
167798	108646	1936
51428	108768	1942
51428	108769	1937
111572	110059	1936
53008	110081	1941
36441	110378	1935
36441	110379	1944
19433	110469	1930
19433	110470	1931
74864	110549	1940
51482	110566	1945
51482	110567	1938
51482	110568	1948
51482	110569	1938
51482	110570	1937
51482	110571	1939
51482	110572	1945
51482	110574	1936
51482	110575	1949
51482	110580	1936
110468	110580	1936
51482	110581	1938
51482	110582	1949
51482	110585	1930
51482	110586	1930
51482	110587	1939
110589	110588	1942
51482	110588	1942
51373	110762	1930
51373	110763	1930
51373	110764	1930
51373	110765	1931
51373	110766	1931
51373	110767	1932
51373	110768	1932
51373	110769	1932
51373	110770	1933
51373	110771	1933
51373	110772	1933
51373	110773	1933
51373	110774	1934
51373	110775	1934
51373	110776	1934
51373	110777	1934
51373	110778	1934
51373	110779	1935
51373	110780	1935
51373	110781	1935
51373	110782	1935
51373	110783	1935
51373	110784	1935
51373	110785	1936
51373	110786	1936
51373	110787	1936
51373	110788	1936
51373	110789	1936
51373	110790	1936
51373	110791	1936
51373	110792	1936
51373	110793	1936
51373	110794	1937
51373	110795	1937
51373	110796	1937
51373	110797	1937
51373	110798	1937
51373	110799	1937
51373	110800	1937
51373	110801	1937
51373	110802	1938
51373	110803	1938
51373	110804	1938
51373	110805	1938
51373	110806	1938
51373	110807	1938
51373	110808	1939
51373	110809	1939
51373	110810	1940
51373	110811	1940
51373	110812	1940
51373	110813	1940
51373	110814	1940
110467	110901	1940
110467	110902	1942
110467	110904	1937
110467	110905	1935
110467	110906	1934
110750	110931	1941
110750	110932	1941
51373	110940	1930
51373	110941	1930
51373	110942	1933
51373	110943	1934
51373	110944	1931
51373	110946	1935
51373	110948	1936
110467	111047	1932
110467	111048	1934
110467	111049	1938
110467	111050	1945
110467	111051	1948
110467	111052	1938
110467	111054	1932
110467	111055	1935
110467	111056	1936
110467	111057	1937
110467	111058	1939
110467	111059	1942
110467	111060	1945
110467	111061	1935
110467	111062	1940
110467	111063	1932
106036	111080	1941
106036	111081	1941
106036	111082	1941
110467	111087	1934
110467	111088	1945
51373	111114	1933
49685	111213	1931
36441	111364	1940
42072	111657	1935
24408	111731	1948
95719	111922	1949
95719	111923	1943
95719	111924	1949
112140	112157	1933
110750	112164	1946
110750	112190	1942
51373	112192	1933
106036	112195	1942
112140	112229	1933
112160	112242	1946
112160	112243	1932
111289	112269	1940
112140	112294	1936
112140	112295	1941
112140	112296	1937
112140	112297	1932
112140	112298	1938
110800	112308	1942
112244	112310	1947
112244	112313	1936
112244	112314	1948
112229	112315	1949
112140	112317	1939
99692	112319	1940
70801	112492	1948
112301	112493	1945
112481	112493	1945
38986	112566	1948
112481	112566	1948
38986	112567	1949
95718	112663	1947
52076	113194	1937
30596	113311	1941
30596	113312	1934
30596	113313	1942
30596	113314	1942
30596	113315	1937
36444	113320	1936
108323	113382	1939
108137	113485	1946
110465	113485	1946
112185	113625	1933
112185	113626	1932
112185	113632	1931
113591	113641	1946
74732	113681	1932
74732	113682	1935
74732	113683	1932
74732	113684	1932
74732	113687	1930
74732	113694	1940
74732	113695	1936
74732	113696	1935
74732	113697	1939
74732	113698	1931
74732	113699	1931
74732	113700	1931
18955	113792	1935
113601	113793	1942
113601	113794	1946
113601	113795	1930
112160	113856	1938
112160	113858	1934
106036	113905	1947
110750	113906	1947
106036	113906	1947
105810	113929	1942
160279	114107	1947
133370	114168	1933
112301	114260	1938
112301	114261	1942
112301	114266	1940
112301	114267	1949
147661	114318	1939
99432	114454	1941
73921	114458	1948
112306	114462	1940
48482	114504	1932
48482	114541	1933
48482	114542	1935
51374	114592	1930
51374	114629	1931
51374	114630	1931
66354	114633	1938
13700	114640	1940
13700	114671	1939
13700	114672	1937
13700	114673	1933
114657	114698	1945
114657	114699	1943
13700	114700	1936
13700	114739	1932
13700	114740	1934
51374	114806	1932
114740	114812	1940
13700	114812	1940
115034	114849	1949
110468	114896	1943
114904	114903	1939
66305	114903	1939
51374	114939	1941
114944	114962	1943
51374	114980	1937
51374	114981	1934
51374	115020	1932
51374	115021	1941
13700	115027	1939
115081	115082	1933
116895	115082	1933
51374	115119	1936
13700	115161	1934
51374	115183	1941
13700	115186	1932
51374	115213	1940
51374	115214	1947
13700	115220	1939
13700	115259	1932
13700	115260	1949
51374	115380	1936
51374	115462	1940
54457	115602	1933
110746	115612	1942
18955	115618	1933
18955	115619	1935
18955	115620	1936
18955	115621	1945
113609	115624	1946
51444	115624	1946
113609	115625	1946
108137	115625	1946
58909	115694	1948
113619	115772	1943
113619	115773	1935
113619	115774	1935
55699	115781	1931
115652	115839	1947
51374	116041	1938
51374	116043	1947
51374	116044	1937
51374	116072	1935
51374	116073	1938
51374	116074	1939
51374	116103	1937
38126	116131	1932
49649	116141	1946
51374	116149	1940
51374	116151	1937
58909	116163	1932
51374	116216	1940
51374	116217	1932
13700	116243	1940
51374	116267	1934
51374	116269	1942
51374	116270	1933
63064	116417	1931
63075	116417	1931
51374	116418	1934
51374	116420	1935
51374	116421	1934
51374	116422	1937
51374	116423	1938
51374	116424	1939
51374	116425	1940
51374	116426	1941
51374	116427	1943
51374	116428	1942
51374	116429	1946
51374	116430	1947
53008	116431	1941
83268	116461	1939
76884	117019	1947
51374	117261	1939
123924	117279	1945
105810	117545	1941
110746	117662	1939
114474	117685	1937
117785	117813	1931
66708	117922	1937
14001	118639	1948
118323	119007	1947
94566	119038	1949
127736	119067	1939
65163	119306	1948
61599	119366	1935
133426	119374	1942
118323	119406	1947
59649	119658	1948
65163	119837	1949
134496	119929	1949
58901	120320	1936
91206	121049	1942
91206	121050	1947
91206	121051	1936
91206	121052	1935
121049	121102	1946
91206	121116	1946
91206	121117	1930
91206	121118	1931
91206	121119	1931
91206	121120	1931
110468	121194	1936
127260	121203	1941
121203	121204	1948
91206	121221	1932
91206	121222	1933
91206	121223	1933
91206	121224	1932
91206	121225	1934
91206	121226	1934
91206	121227	1933
91206	121228	1933
91206	121229	1933
91206	121230	1934
91206	121231	1933
91206	121262	1935
91206	121332	1939
91206	121382	1936
91206	121383	1937
68568	121494	1942
62945	121494	1942
63064	121511	1948
30922	121511	1948
174082	121514	1937
174083	121514	1937
121517	121520	1946
156001	121520	1946
133297	121532	1949
54444	121532	1949
9709	121577	1938
63064	121577	1938
9709	121578	1930
121507	121578	1930
9709	121586	1933
121505	121586	1933
57094	121740	1946
57566	121740	1946
62945	121755	1934
9707	121755	1934
121537	121782	1945
30922	121782	1945
60263	121787	1930
9709	121787	1930
57450	121882	1935
17409	121882	1935
13648	121888	1930
57094	121888	1930
91206	122036	1936
91206	122101	1936
91206	122102	1936
91206	122103	1935
91206	122104	1935
91206	122105	1935
110800	122254	1949
91206	122526	1940
91206	122527	1938
120086	122548	1948
17947	122580	1938
33053	122580	1938
122657	122659	1938
60187	122659	1938
122994	122993	1942
7364	123091	1934
123173	123174	1949
123943	123513	1946
105810	123668	1949
58343	123862	1930
98102	123922	1948
54650	123923	1936
54650	123924	1945
53459	124139	1940
53459	124140	1939
13700	124279	1932
13700	124280	1937
13104	124287	1935
22260	124287	1935
13700	124347	1937
4843	124438	1949
105811	124930	1947
123740	125140	1934
125234	125155	1941
18955	125163	1940
9306	125329	1931
127846	125654	1945
125498	126313	1940
114317	126367	1947
126426	126425	1946
126424	126425	1946
126426	126468	1949
126425	126468	1949
102824	126502	1947
128548	126502	1947
91206	126694	1941
91206	126696	1941
91206	126719	1934
126426	126901	1939
42072	127140	1942
127069	127184	1941
18588	127471	1947
36443	127692	1948
127736	127735	1949
22591	127861	1933
127912	127920	1940
165467	128054	1937
34266	128225	1930
126428	128356	1942
43260	128470	1949
63075	128548	1938
17512	128879	1948
129344	128956	1937
129828	128958	1948
44712	129063	1948
140933	129288	1947
129233	129499	1932
129624	129547	1948
129233	129561	1949
19559	129583	1949
51891	129583	1949
129704	129703	1940
18580	129789	1947
72499	129828	1932
53008	129907	1947
130992	130101	1949
58739	130208	1931
119321	130390	1948
130600	130490	1935
7356	131395	1942
12545	131518	1949
104796	131711	1947
144871	131805	1934
5657	131928	1938
97463	131953	1935
23830	132119	1949
133300	132258	1934
63061	132263	1948
14001	132757	1940
132995	132865	1938
17947	132865	1938
122622	133057	1949
133310	133342	1933
133342	133552	1948
133578	133552	1948
133529	133578	1937
133423	133578	1937
133528	133579	1937
133528	133589	1937
133528	133590	1938
133528	133591	1938
133528	133592	1940
133528	133593	1942
133310	133616	1930
133448	133650	1933
133448	133651	1941
133448	133653	1941
133747	133719	1949
133588	133730	1933
133588	133731	1934
133588	133732	1940
133588	133735	1942
133427	133735	1942
119321	133753	1938
56710	133753	1938
133757	133756	1932
133423	133756	1932
133423	133758	1940
133423	133760	1945
133448	133925	1934
31014	134047	1936
31014	134048	1940
133580	134176	1930
133580	134178	1940
53004	134889	1949
17968	134890	1948
20710	134890	1948
49499	134908	1934
110800	135310	1949
135496	135495	1932
5290	135498	1936
239	135536	1940
60997	135536	1940
14001	136251	1941
107394	136259	1948
136426	136424	1934
65756	136424	1934
136427	136424	1934
138286	136441	1947
25248	136511	1932
78333	136513	1935
36900	136763	1937
36900	136764	1948
139245	136928	1948
18251	136977	1934
65163	137620	1948
93692	137864	1945
107202	137887	1940
93505	138026	1935
138167	138168	1941
105772	138286	1932
150195	138286	1932
138358	138356	1944
113591	138358	1933
139939	138514	1949
170801	138522	1948
138774	138773	1949
15253	139142	1941
83268	139146	1935
127736	139196	1942
139370	139245	1943
139394	139395	1948
139556	139554	1937
139557	139554	1937
65517	139627	1948
139638	139639	1939
76967	139939	1948
147676	140183	1933
147677	140183	1933
84659	140508	1940
60187	140755	1936
60187	140769	1940
140934	140933	1944
140935	140933	1944
141208	140934	1933
105807	141202	1933
130487	141211	1949
24557	141348	1948
110929	141515	1931
110929	141521	1933
110929	141524	1933
110929	141526	1934
141586	141587	1941
123943	141699	1946
141800	141720	1940
142144	141878	1935
141936	141885	1934
76489	142079	1937
142218	142219	1946
17970	142284	1942
127912	142435	1936
152452	142787	1935
114474	142931	1936
138026	142991	1943
147661	143090	1937
18571	143411	1933
105810	143494	1945
143964	143651	1942
114317	143651	1942
112306	143729	1946
143730	143767	1939
143731	143770	1930
143730	143770	1930
133310	143774	1935
44061	143858	1948
51428	144154	1941
112303	144439	1943
111351	144537	1938
99432	144543	1940
133643	144558	1946
18955	144688	1933
105971	144692	1934
19433	144692	1934
49685	144742	1947
51469	144801	1935
64503	144842	1940
49685	144863	1930
49685	144864	1931
49685	144865	1939
144872	144873	1931
144873	144874	1949
144888	144889	1934
111311	144944	1934
144944	144945	1948
155510	144997	1943
46037	145769	1936
52328	145769	1936
13935	145933	1945
49914	146004	1948
23830	146012	1939
114740	146060	1948
49914	146103	1949
23830	146103	1949
174146	146152	1936
174147	146152	1936
159445	146375	1949
52356	146378	1930
146377	146378	1930
53008	146729	1945
147127	146768	1931
73831	146877	1949
83078	147060	1947
42451	147061	1941
121049	147062	1948
81193	147607	1939
55699	147654	1941
115781	147654	1941
20745	148292	1939
4332	148292	1939
58901	148428	1948
7517	148430	1936
18689	148430	1936
51866	148564	1940
52879	148564	1940
20745	148656	1941
4332	148656	1941
20745	148657	1939
4332	148658	1941
4332	148744	1945
49363	148818	1949
20725	148818	1949
18245	149028	1948
10480	149310	1947
149601	149602	1943
107394	149776	1945
150135	150136	1930
25287	150699	1945
114745	151379	1949
43955	151636	1933
133587	152273	1930
133587	152279	1930
133587	152283	1930
133587	152292	1930
152218	152375	1935
152218	152376	1948
152218	152377	1942
152218	152380	1939
152218	152381	1948
152218	152382	1941
152218	152383	1946
152218	152384	1941
152218	152385	1934
152218	152386	1945
152218	152389	1949
152218	152393	1936
152218	152394	1948
152218	152395	1948
152218	152396	1942
152218	152399	1940
152218	152400	1946
152218	152401	1933
152218	152402	1942
152218	152404	1943
152218	152405	1941
152218	152406	1949
152218	152407	1943
152218	152408	1938
152218	152412	1942
152218	152414	1946
152218	152415	1945
152218	152416	1936
152218	152417	1935
152218	152418	1935
152218	152419	1946
152218	152420	1934
152218	152421	1941
152218	152422	1942
152218	152423	1933
152218	152424	1945
152218	152425	1940
152218	152427	1941
152218	152428	1938
152218	152429	1948
152218	152430	1931
21984	152494	1935
142787	152593	1934
142787	152594	1933
142781	152603	1945
142781	152604	1939
142781	152607	1941
142781	152611	1945
142781	152612	1940
142781	152617	1939
142781	152619	1945
142781	152621	1940
142781	152622	1941
142781	152625	1946
142781	152630	1945
142781	152631	1946
142781	152632	1946
142781	152634	1945
142781	152635	1948
142781	152637	1941
142781	152638	1947
142781	152639	1941
129499	152657	1947
12547	152658	1930
152590	152704	1948
152590	152714	1938
152590	152715	1942
152590	152716	1949
152590	152719	1939
152590	152720	1937
152590	152724	1936
152590	152725	1940
152590	152726	1942
152590	152728	1938
152590	152729	1935
152590	152731	1948
152590	152733	1940
152590	152735	1937
152590	152736	1936
152590	152737	1943
152590	152738	1940
152590	152740	1941
152590	152743	1936
152590	152744	1949
152590	152745	1939
152590	152746	1947
152590	152748	1947
152590	152749	1947
152590	152751	1939
152590	152753	1941
152590	152754	1947
152590	152756	1940
152590	152757	1938
152590	152758	1942
152452	152793	1947
152452	152797	1935
152452	152798	1940
152452	152799	1930
152452	152802	1942
152452	152810	1935
152452	152811	1939
152452	152812	1939
152452	152816	1935
152452	152817	1935
152452	152820	1947
152452	152821	1947
152452	152823	1932
152452	152825	1946
141824	152907	1938
153091	153092	1942
56858	153092	1942
59649	153114	1945
59649	153131	1939
29747	153133	1949
11755	153303	1933
11755	153304	1935
157934	153344	1941
157935	153344	1941
157936	153344	1941
154232	153948	1947
154519	154055	1946
13700	154055	1946
98272	154733	1934
42451	155137	1945
19535	155142	1932
19564	155142	1932
19564	155143	1934
19535	155143	1934
19535	155145	1935
155144	155145	1935
19535	155147	1936
155146	155147	1936
155148	155149	1936
19535	155149	1936
19535	155151	1937
155150	155151	1937
19535	155152	1938
19564	155152	1938
19535	155154	1939
155153	155154	1939
19535	155155	1943
18339	155155	1943
58509	155157	1931
155159	155160	1942
20747	155196	1934
42451	155336	1946
155508	155510	1931
14167	155592	1936
14167	155642	1938
156640	156020	1938
156641	156020	1938
14167	156238	1948
175402	156259	1947
156634	156635	1936
46924	156683	1948
59649	156822	1938
25025	156952	1930
51469	156952	1930
7488	157120	1938
158114	157510	1932
158115	157510	1932
158188	158121	1947
159024	158739	1947
126428	158750	1935
158749	158750	1935
7375	158902	1936
11321	158902	1936
159023	159024	1936
13346	159445	1938
159509	159512	1946
159510	159512	1946
27153	159512	1946
159511	159512	1946
114740	160011	1949
116243	160025	1949
116243	160027	1949
13700	160088	1945
114672	160088	1945
13700	160089	1942
114672	160089	1942
139561	160236	1940
93506	160237	1942
93506	160238	1942
93506	160239	1943
93506	160240	1946
167827	160279	1932
160433	160288	1948
171312	160433	1941
13700	160502	1944
13700	160503	1943
13700	160505	1939
160504	160505	1939
13700	160506	1938
160504	160506	1938
13700	160507	1936
13700	160508	1935
13700	160509	1935
13700	160510	1935
13700	160511	1933
57037	160511	1933
18538	160562	1949
122118	160627	1945
160626	160627	1945
147661	160765	1936
147661	160767	1940
54457	160771	1938
160770	160771	1938
105807	161102	1944
159901	161102	1944
114745	161212	1940
114745	161213	1946
161665	161389	1945
19427	161397	1930
161416	162284	1930
73816	162480	1949
15198	162849	1948
138286	163689	1948
18580	164059	1936
104796	164084	1944
167095	164316	1937
53008	165868	1949
27153	166018	1942
118323	166050	1939
166065	166106	1949
